Checklist	ERC000011	ENA default sample checklist		
tax_id	scientific_name	sample_alias	sample_title	sample_description
171605	Vanessa cardui	P14459_101	RAD-seq	Offspring
171605	Vanessa cardui	P14459_102	RAD-seq	Offspring
171605	Vanessa cardui	P14459_103	RAD-seq	Offspring
171605	Vanessa cardui	P14459_104	RAD-seq	Offspring
171605	Vanessa cardui	P14459_105	RAD-seq	Offspring
171605	Vanessa cardui	P14459_106	RAD-seq	Offspring
171605	Vanessa cardui	P14459_107	RAD-seq	Offspring
171605	Vanessa cardui	P14459_108	RAD-seq	Offspring
171605	Vanessa cardui	P14459_109	RAD-seq	Offspring
171605	Vanessa cardui	P14459_110	RAD-seq	Offspring
171605	Vanessa cardui	P14459_111	RAD-seq	Offspring
171605	Vanessa cardui	P14459_112	RAD-seq	Offspring
171605	Vanessa cardui	P14459_113	RAD-seq	Offspring
171605	Vanessa cardui	P14459_114	RAD-seq	Offspring
171605	Vanessa cardui	P14459_115	RAD-seq	Offspring
171605	Vanessa cardui	P14459_116	RAD-seq	Offspring
171605	Vanessa cardui	P14459_117	RAD-seq	Offspring
171605	Vanessa cardui	P14459_118	RAD-seq	Offspring
171605	Vanessa cardui	P14459_119	RAD-seq	Offspring
171605	Vanessa cardui	P14459_120	RAD-seq	Offspring
171605	Vanessa cardui	P14459_121	RAD-seq	Offspring
171605	Vanessa cardui	P14459_122	RAD-seq	Offspring
171605	Vanessa cardui	P14459_123	RAD-seq	Offspring
171605	Vanessa cardui	P14459_124	RAD-seq	Offspring
171605	Vanessa cardui	P14459_125	RAD-seq	Offspring
171605	Vanessa cardui	P14459_126	RAD-seq	Offspring
171605	Vanessa cardui	P14459_127	RAD-seq	Offspring
171605	Vanessa cardui	P14459_128	RAD-seq	Offspring
171605	Vanessa cardui	P14459_129	RAD-seq	Offspring
171605	Vanessa cardui	P14459_130	RAD-seq	Offspring
171605	Vanessa cardui	P14459_131	RAD-seq	Offspring
171605	Vanessa cardui	P14459_132	RAD-seq	Offspring
171605	Vanessa cardui	P14459_133	RAD-seq	Offspring
171605	Vanessa cardui	P14459_134	RAD-seq	Offspring
171605	Vanessa cardui	P14459_135	RAD-seq	Offspring
171605	Vanessa cardui	P14459_136	RAD-seq	Offspring
171605	Vanessa cardui	P14459_137	RAD-seq	Offspring
171605	Vanessa cardui	P14459_138	RAD-seq	Offspring
171605	Vanessa cardui	P14459_139	RAD-seq	Offspring
171605	Vanessa cardui	P14459_140	RAD-seq	Offspring
171605	Vanessa cardui	P14459_141	RAD-seq	Offspring
171605	Vanessa cardui	P14459_142	RAD-seq	Offspring
171605	Vanessa cardui	P14459_143	RAD-seq	Offspring
171605	Vanessa cardui	P14459_144	RAD-seq	Offspring
171605	Vanessa cardui	P14459_145	RAD-seq	Offspring
171605	Vanessa cardui	P14459_146	RAD-seq	Offspring
171605	Vanessa cardui	P14459_147	RAD-seq	Offspring
171605	Vanessa cardui	P14459_148	RAD-seq	Offspring
171605	Vanessa cardui	P14459_149	RAD-seq	Offspring
171605	Vanessa cardui	P14459_150	RAD-seq	Offspring
171605	Vanessa cardui	P14459_151	RAD-seq	Offspring
171605	Vanessa cardui	P14459_152	RAD-seq	Offspring
171605	Vanessa cardui	P14459_153	RAD-seq	Offspring
171605	Vanessa cardui	P14459_154	RAD-seq	Offspring
171605	Vanessa cardui	P14459_155	RAD-seq	Offspring
171605	Vanessa cardui	P14459_156	RAD-seq	Offspring
171605	Vanessa cardui	P14459_157	RAD-seq	Offspring
171605	Vanessa cardui	P14459_158	RAD-seq	Offspring
171605	Vanessa cardui	P14459_159	RAD-seq	Offspring
171605	Vanessa cardui	P14459_160	RAD-seq	Offspring
171605	Vanessa cardui	P14459_161	RAD-seq	Offspring
171605	Vanessa cardui	P14459_162	RAD-seq	Offspring
171605	Vanessa cardui	P14459_163	RAD-seq	Offspring
171605	Vanessa cardui	P14459_164	RAD-seq	Offspring
171605	Vanessa cardui	P14459_165	RAD-seq	Offspring
171605	Vanessa cardui	P14459_166	RAD-seq	Offspring
171605	Vanessa cardui	P14459_167	RAD-seq	Offspring
171605	Vanessa cardui	P14459_168	RAD-seq	Offspring
171605	Vanessa cardui	P14459_169	RAD-seq	Offspring
171605	Vanessa cardui	P14459_170	RAD-seq	Offspring
171605	Vanessa cardui	P14459_171	RAD-seq	Offspring
171605	Vanessa cardui	P14459_172	RAD-seq	Offspring
171605	Vanessa cardui	P14459_173	RAD-seq	Offspring
171605	Vanessa cardui	P14459_174	RAD-seq	Offspring
171605	Vanessa cardui	P14459_175	RAD-seq	Offspring
171605	Vanessa cardui	P14459_176	RAD-seq	Offspring
171605	Vanessa cardui	P14459_177	RAD-seq	Offspring
171605	Vanessa cardui	P14459_178	RAD-seq	Offspring
171605	Vanessa cardui	P14459_179	RAD-seq	Offspring
171605	Vanessa cardui	P14459_180	RAD-seq	Offspring
171605	Vanessa cardui	P14459_181	RAD-seq	Offspring
171605	Vanessa cardui	P14459_182	RAD-seq	Offspring
171605	Vanessa cardui	P14459_183	RAD-seq	Offspring
171605	Vanessa cardui	P14459_184	RAD-seq	Offspring
171605	Vanessa cardui	P14459_185	RAD-seq	Offspring
171605	Vanessa cardui	P14459_186	RAD-seq	Offspring
171605	Vanessa cardui	P14459_187	RAD-seq	Offspring
171605	Vanessa cardui	P14459_188	RAD-seq	Offspring
171605	Vanessa cardui	P14459_189	RAD-seq	Offspring
171605	Vanessa cardui	P14459_190	RAD-seq	Offspring
171605	Vanessa cardui	P14459_191	RAD-seq	Offspring
171605	Vanessa cardui	P14459_192	RAD-seq	Offspring
171605	Vanessa cardui	P14459_193	RAD-seq	Offspring
171605	Vanessa cardui	P14459_194	RAD-seq	Offspring
171605	Vanessa cardui	P14459_195	RAD-seq	Offspring
171605	Vanessa cardui	P14459_196	RAD-seq	Dam
